STT,Style Name,Category,Keywords,Description,Key Characteristics,Color Palette,Best For,Platforms,Prompt Keywords
1,Photorealistic,Photography,"photo, realistic, camera, natural, authentic, real, photography","Ultra-realistic images that mimic professional photography","Natural lighting, authentic textures, camera-specific artifacts, realistic proportions","Natural colors, realistic skin tones, environmental colors","Portraits, product shots, scenes","Nano Banana, Midjourney, SD","photorealistic, ultra realistic, 8K, RAW photo, natural lighting, professional photography"
2,Cinematic,Photography,"film, movie, cinematic, dramatic, theatrical, hollywood, widescreen","Film-like imagery with dramatic lighting and composition","Anamorphic lens effects, color grading, shallow DOF, dramatic lighting, widescreen","Teal-orange, desaturated, film stock colors","Movie scenes, dramatic portraits, storytelling","Midjourney, Nano Banana","cinematic, film still, anamorphic, color graded, shallow depth of field, dramatic lighting"
3,Anime Manga,Illustration,"anime, manga, Japanese, otaku, animated, cel-shaded","Japanese animation and comic style artwork","Large expressive eyes, stylized proportions, cel shading, dynamic poses, speed lines","Vibrant, saturated, anime-typical palettes","Characters, fan art, storytelling, avatars","Midjourney, SD, Nano Banana","anime style, manga, cel shaded, Japanese animation, vibrant colors, expressive eyes"
4,3D Render,Digital,"3D, render, CGI, Blender, Cinema4D, octane, dimensional","Computer-generated 3D imagery with realistic or stylized rendering","Material reflections, global illumination, subsurface scattering, hard/soft shadows","Scene-dependent, PBR materials","Products, characters, architecture, abstract","Midjourney, SD, Nano Banana","3D render, octane render, Cinema4D, Blender, CGI, ray tracing, PBR materials"
5,Illustration,Art,"illustrated, drawn, digital art, vector, graphic, artistic","Digital or traditional illustration styles","Clean lines, stylized forms, artistic interpretation, consistent style","Style-dependent, often bold or pastel","Editorial, children's books, branding","Midjourney, DALL-E, SD","illustration, digital art, illustrated, artistic, stylized, graphic design"
6,Pixel Art,Retro,"pixel, 8-bit, 16-bit, retro, game, sprite, nostalgic","Retro video game aesthetic with visible pixels","Grid-based, limited color palette, dithering, nostalgic feel, sprite-like","Limited palette, 8-bit/16-bit colors","Games, avatars, nostalgic content","Midjourney, SD","pixel art, 8-bit, 16-bit, retro gaming, sprite, pixelated"
7,Watercolor,Traditional,"watercolor, paint, artistic, soft, flowing, traditional, aquarelle","Traditional watercolor painting aesthetic","Soft edges, color bleeds, paper texture, transparent layers, organic flow","Soft, flowing, often pastel or earthy","Portraits, landscapes, artistic content","Midjourney, SD, DALL-E","watercolor painting, aquarelle, soft edges, color bleed, paper texture, artistic"
8,Oil Painting,Traditional,"oil, painting, classical, fine art, canvas, masterpiece, textured","Classical oil painting technique","Visible brushstrokes, rich textures, layered colors, impasto, chiaroscuro","Rich, deep, Old Master palette","Portraits, landscapes, fine art","Midjourney, SD, DALL-E","oil painting, impasto, brushstrokes, classical art, canvas texture, fine art"
9,Sketch Line Art,Drawing,"sketch, line art, drawing, pencil, ink, minimal, outlined","Hand-drawn sketch or line art style","Clean or rough lines, minimal shading, crosshatching, pen/pencil textures","Monochrome, limited color","Concepts, technical, artistic","Midjourney, SD, DALL-E","sketch, line art, pencil drawing, ink drawing, hand-drawn, crosshatching"
10,Ink Chinese Style,Traditional,"ink wash, Chinese, Japanese, sumi-e, brush, traditional, Eastern","East Asian ink wash painting technique","Brush strokes, ink gradients, negative space, calligraphic elements, minimalism","Black ink, subtle grays, minimal color accents","Nature, calligraphy, cultural art","Midjourney, SD","ink wash, sumi-e, Chinese painting, brush strokes, traditional Asian art"
11,Chibi Q-Style,Illustration,"chibi, kawaii, cute, SD, super deformed, adorable, tiny","Super-deformed cute character style","Oversized head, small body, simple features, kawaii expressions, round shapes","Bright, pastel, candy colors","Mascots, stickers, merchandise","Midjourney, SD","chibi, kawaii, super deformed, cute, big head, small body, adorable"
12,Isometric,Technical,"isometric, flat, geometric, technical, diagram, 30-degree","Isometric projection technical illustration","30-degree angles, no vanishing point, geometric precision, clean lines","Often bold, flat colors","Infographics, games, technical","Midjourney, SD, DALL-E","isometric, isometric view, 30 degree angle, flat design, geometric, technical illustration"
13,Cyberpunk Sci-Fi,Genre,"cyberpunk, neon, future, sci-fi, dystopian, tech noir, blade runner","Futuristic dystopian aesthetic","Neon lights, rain-slicked streets, high-tech low-life, holographics, chrome","Neon pink, cyan, purple on dark","Sci-fi, gaming, urban","Midjourney, SD, Nano Banana","cyberpunk, neon lights, dystopian future, sci-fi, blade runner, tech noir"
14,Retro Vintage,Nostalgic,"retro, vintage, old school, nostalgia, classic, throwback, period","Nostalgic imagery from past eras","Era-specific aesthetics, grain/texture, period-accurate colors, vintage wear","Muted, sepia, era-specific palettes","Period pieces, nostalgia marketing","Midjourney, DALL-E, SD","vintage, retro, 1950s/60s/70s/80s, nostalgic, old school, period accurate"
15,Minimalism,Modern,"minimal, clean, simple, modern, white space, essential, less","Clean, essential design with maximum white space","Simple forms, limited elements, high contrast, essential details only","Monochrome, limited accent colors","Modern branding, UI/UX, editorial","Midjourney, DALL-E","minimalist, minimal, clean design, simple, white space, essential"
16,Vaporwave,Aesthetic,"vaporwave, aesthetic, 90s, glitch, synthwave, retro-futuristic, nostalgic","90s-inspired surreal aesthetic","Glitch effects, Roman statues, gradient skies, grid patterns, Japanese text","Pink, purple, cyan, sunset gradients","Music, artistic, aesthetic content","Midjourney, SD","vaporwave, aesthetic, synthwave, 90s, glitch, roman statue, sunset gradient"
17,Glassmorphism,UI,"glass, frosted, transparent, blur, modern, UI, Apple","Frosted glass UI aesthetic","Transparency, backdrop blur, subtle borders, layered depth, vibrant backgrounds","Translucent white on vibrant BG","UI mockups, modern design","Nano Banana, Midjourney","glassmorphism, frosted glass, backdrop blur, translucent, modern UI"
18,Claymorphism,UI,"clay, soft, 3D, playful, rounded, bubbly, toy-like","Soft 3D clay-like UI aesthetic","Rounded forms, soft shadows, pastel colors, toy-like appearance, friendly","Soft pastels, warm tones","Friendly apps, children's content","Midjourney, SD","claymorphism, clay 3D, soft shadows, rounded, pastel, playful"
19,Portrait Photography,Photography,"portrait, headshot, face, professional, fashion, editorial, beauty","Professional portrait photography","Lighting setups (Rembrandt, butterfly), skin detail, eye focus, composition","Natural skin tones, background depends on style","Portraits, headshots, fashion","Nano Banana, Midjourney","portrait photography, professional headshot, studio lighting, 85mm lens, bokeh"
20,Fashion Editorial,Photography,"fashion, editorial, vogue, model, haute couture, magazine, runway","High fashion magazine photography","Dramatic poses, designer clothing, artistic lighting, editorial composition","High fashion palettes, often bold or muted","Fashion, luxury, editorial","Midjourney, Nano Banana","fashion editorial, vogue, haute couture, model photography, dramatic lighting"
21,Product Commercial,Photography,"product, commercial, advertising, studio, hero shot, professional","Professional product photography","Clean isolation, material accuracy, controlled lighting, hero angles","Product-accurate, often neutral BG","E-commerce, advertising","Nano Banana, Midjourney, SD","product photography, commercial, studio lighting, white background, hero shot"
22,Landscape Nature,Photography,"landscape, nature, outdoor, scenic, wilderness, vista, environment","Natural landscape photography","Wide vistas, natural lighting, composition rules, atmospheric effects","Natural greens, blues, earth tones","Travel, nature, wallpapers","Midjourney, SD, Nano Banana","landscape photography, nature, scenic, golden hour, wide angle, vista"
23,Street Documentary,Photography,"street, documentary, candid, urban, lifestyle, real, authentic","Candid street and documentary photography","Authentic moments, urban settings, available light, spontaneous composition","Natural, urban colors","Lifestyle, journalism, authentic","Midjourney, Nano Banana","street photography, documentary, candid, urban, authentic, lifestyle"
24,Macro Close-up,Photography,"macro, close-up, detail, micro, extreme detail, texture","Extreme close-up detail photography","Shallow DOF, extreme detail, texture visibility, scale distortion","Subject-dependent","Products, nature, textures","Midjourney, SD, Nano Banana","macro photography, close-up, extreme detail, shallow depth of field, texture"
25,Ukiyo-e,Traditional,"ukiyo-e, Japanese, woodblock, Hokusai, Hiroshige, Edo, waves","Traditional Japanese woodblock print style","Flat colors, bold outlines, wave patterns, woodgrain texture, calligraphy","Prussian blue, vermilion, muted ochre","Japanese themes, artistic","Midjourney, SD","ukiyo-e, Japanese woodblock print, Hokusai, flat colors, bold outlines"
