No,Style Name,Category,Keywords,Description,Primary Colors,Secondary Colors,Typography,Materials,Finishes,Mood,Best For,Avoid For
1,Corporate Minimal,Professional,minimal clean corporate professional,Clean minimal corporate aesthetics with restrained color use,#0F172A #1E3A8A #FFFFFF,#64748B #E2E8F0,Sans-serif geometric clean,Premium paper quality materials,Matte spot UV,Professional trustworthy,Finance legal consulting tech,Playful consumer youth brands
2,Modern Tech,Professional,tech modern digital startup,Contemporary tech-forward visual identity,#6366F1 #8B5CF6 #0EA5E9,#10B981 #F8FAFC,Geometric sans modern,Smooth surfaces metals,Metallic gradients gloss,Innovative forward-thinking,Tech SaaS startups digital,Traditional heritage conservative
3,Luxury Premium,Premium,luxury premium elegant exclusive,High-end sophisticated premium aesthetics,#1C1917 #D4AF37 #FFFFFF,#44403C #FAFAF9,Elegant serif thin sans,Leather metal glass,Gold foil emboss deboss,Prestigious exclusive,Luxury fashion jewelry hotels,Budget mass market casual
4,Classic Traditional,Heritage,classic traditional timeless established,Timeless traditional corporate aesthetics,#0F172A #1E3A8A #D4AF37,#713F12 #F5F5F4,Serif traditional classic,Quality paper leather wood,Emboss letterpress gold,Established trustworthy,Law finance heritage established,Trendy modern startups
5,Fresh Modern,Contemporary,fresh modern contemporary clean,Light fresh contemporary visual style,#10B981 #0EA5E9 #FFFFFF,#22D3EE #F0FDF4,Modern sans-serif rounded,Light materials glass acrylics,Matte clean minimal,Fresh approachable,Wellness tech healthcare green,Heavy industrial traditional
6,Bold Dynamic,Energetic,bold dynamic energetic vibrant,High energy bold visual presence,#DC2626 #F97316 #FBBF24,#000000 #FFFFFF,Bold condensed strong,Strong materials metals,Gloss vibrant finishes,Energetic powerful,Sports entertainment media,Conservative corporate calm
7,Warm Organic,Natural,warm organic natural sustainable,Warm natural organic visual aesthetics,#8B4513 #228B22 #DEB887,#F5F5DC #2F4F4F,Organic serif friendly,Natural materials kraft recycled,Uncoated natural textures,Authentic sustainable,Organic food eco wellness,Tech corporate industrial
8,Soft Elegant,Feminine,soft elegant feminine delicate,Soft elegant feminine visual approach,#F472B6 #D4AF37 #FFFFFF,#FBCFE8 #FDF2F8,Elegant script thin sans,Soft materials quality paper,Rose gold soft touch,Elegant romantic,Beauty wedding fashion spa,Industrial masculine aggressive
9,Dark Premium,Sophisticated,dark premium sophisticated mysterious,Dark sophisticated premium aesthetics,#0F0F0F #1A1A1A #D4AF37,#3D3D3D #FFFFFF,Clean modern bold sans,Dark materials metals glass,Matte metallic accents,Sophisticated mysterious,Nightlife luxury tech fashion,Children medical bright
10,Playful Colorful,Fun,playful colorful fun vibrant,Fun colorful playful visual identity,#F472B6 #FBBF24 #4ADE80,#A78BFA #22D3EE,Rounded friendly bold,Bright materials plastics,Gloss vibrant playful,Fun energetic friendly,Children entertainment gaming,Corporate serious medical
11,Industrial Raw,Industrial,industrial raw urban authentic,Raw industrial urban aesthetics,#374151 #78716C #F97316,#1F2937 #D6D3D1,Strong condensed bold,Raw materials concrete metal,Raw exposed textures,Strong authentic,Manufacturing construction craft,Soft luxury feminine
12,Scandinavian Minimal,Minimal,scandinavian nordic minimal clean,Nordic-inspired minimal clean design,#FFFFFF #F5F5F5 #0F172A,#D4D4D4 #1E3A8A,Clean geometric sans,Light wood white materials,Matte minimal clean,Calm sophisticated clean,Design home wellness nordic,Bold colorful traditional
13,Retro Vintage,Nostalgic,retro vintage nostalgic classic,Nostalgic retro-inspired visual identity,#8B4513 #CA8A04 #DC2626,#2F4F4F #DEB887,Vintage serif script display,Heritage materials aged textures,Letterpress aged effects,Nostalgic authentic,Food beverage craft artisan,Modern tech digital
14,Geometric Modern,Abstract,geometric abstract modern shapes,Contemporary geometric abstract approach,#6366F1 #0EA5E9 #F97316,#10B981 #FFFFFF,Geometric sans modern,Smooth contemporary materials,Clean precise finishes,Modern innovative,Architecture design tech creative,Traditional conservative organic
15,Monochrome Elegant,Sophisticated,monochrome black white elegant,Sophisticated black and white aesthetics,#000000 #FFFFFF #D4AF37,#374151 #F5F5F5,Elegant serif sans contrast,Premium monochrome materials,Matte foil emboss,Sophisticated timeless,Luxury fashion photography,Colorful playful vibrant
16,Gradient Modern,Digital,gradient colorful digital modern,Modern gradient-based visual style,#6366F1 #EC4899 #F97316,#8B5CF6 #22D3EE,Modern geometric sans,Digital smooth surfaces,Glossy gradient effects,Modern dynamic digital,Tech gaming digital media,Traditional print-focused
17,Nature Biophilic,Organic,nature biophilic green organic,Nature-inspired biophilic design approach,#228B22 #8B4513 #0EA5E9,#22C55E #0891B2,Organic friendly readable,Natural sustainable materials,Natural textures matte,Natural calming authentic,Wellness outdoor eco organic,Industrial urban tech
18,Art Deco,Heritage,art deco geometric luxury vintage,Art Deco inspired geometric elegance,#D4AF37 #0F172A #FFFFFF,#8B4513 #1E3A8A,Geometric display serif,Premium metals marble,Gold metallics geometric,Elegant luxurious artistic,Hotels luxury events venues,Casual modern minimal
19,Swiss Minimal,Clean,swiss minimal international clean,Swiss International style minimal design,#FFFFFF #000000 #DC2626,#0F172A #F5F5F5,Helvetica-style sans grid,High quality precision materials,Clean precise matte,Clear precise professional,Corporate architecture design,Decorative ornate playful
20,Memphis Bold,Playful,memphis bold colorful patterns,Memphis-inspired bold colorful patterns,#F472B6 #FBBF24 #4ADE80,#6366F1 #22D3EE,Bold geometric display,Bold colorful materials,Gloss bold patterns,Fun bold creative,Creative entertainment youth,Conservative corporate serious